Date,Equal Weight,QP,SOCP
2023-01-03,0.9966870341592721,0.9997968427720378,0.9864389710717351
2023-01-04,1.0076453189567645,1.006416340001083,0.9895201774828419
2023-01-05,0.9977952920938559,1.004618253095852,0.9964729877008466
2023-01-06,1.0198301296537,1.020081257641282,1.0110339350814885
2023-01-09,1.02183673578032,1.0014624544130433,0.9876658222491722
2023-01-10,1.027953570287204,1.0015726229228616,0.9895526831332534
2023-01-11,1.037727756423643,1.001926795650009,0.9913281092951881
2023-01-12,1.0428303448843315,0.9974193635367058,0.991821058533132
2023-01-13,1.0472115795495744,0.9993935496574469,0.9941630523121846
2023-01-17,1.0458075749309335,0.9964636571718538,0.9887754069397261
2023-01-18,1.0275692715013034,0.9762745137032414,0.9688284578178692
2023-01-19,1.0213142467188585,0.9729998281858082,0.9717294020803461
2023-01-20,1.0447557704804113,0.9783218638135883,0.9813432091480468
2023-01-23,1.0602140156512905,0.9795053385058472,0.9784341877420094
2023-01-24,1.061343992773936,0.9799073438214452,0.9791078184889327
2023-01-25,1.063540323956831,0.9851845993630556,0.9778820761319835
2023-01-26,1.0780841223295354,0.9846643112495697,0.9887671890795198
2023-01-27,1.0818997191643644,0.9801039743621573,0.9769318695717771
2023-01-30,1.0667574106734077,0.9687067122649053,0.9706428336371622
2023-01-31,1.0815042643312165,0.9792490326631846,0.987561674758155
2023-02-01,1.0939860877866616,0.9806845788109188,0.9827903440346215
2023-02-02,1.1070473893071575,0.9737224082434279,0.9621583825084178
2023-02-03,1.097451970568525,0.9674606922857165,0.9616016757693504
2023-02-06,1.0922248302086648,0.9668179962028924,0.9634019752645167
2023-02-07,1.1048512452378099,0.9698424272469064,0.9779830708308218
2023-02-08,1.0945605479013278,0.9671857844895916,0.9723216431480539
2023-02-09,1.088914021329966,0.9658634181099908,0.9786786741593707
2023-02-10,1.0863039941424637,0.9758310963519691,1.0031032700616718
2023-02-13,1.0994598129984305,0.983407123502337,1.0080936588585532
2023-02-14,1.1011684006894602,0.9795117880242458,0.9991493247118916
2023-02-15,1.1037766693864501,0.9748109901294998,0.996238790447581
2023-02-16,1.0880890911563776,0.9650476844659143,0.9881661546011775
2023-02-17,1.086084604653169,0.9779921442109444,0.9837917573678313
2023-02-21,1.0658364572592869,0.970941480899586,0.981342473868739
2023-02-22,1.0636599061372107,0.9683527439649897,0.9733934440898221
2023-02-23,1.067799636525769,0.9695027043324783,0.980369600438884
2023-02-24,1.0555613874103613,0.9650182362169181,0.9781204293481958
2023-02-27,1.0592509428642207,0.9637796382587467,0.9778966162882924
2023-02-28,1.0555792214334316,0.9531228018527957,0.9676858745908357
2023-03-01,1.049511819430833,0.9485421665117227,0.9718184576908381
2023-03-02,1.056956926847012,0.9511999923163321,0.9754897894230345
2023-03-03,1.0725460159461369,0.9572230428429709,0.9799412390416684
2023-03-06,1.0751148141887843,0.9648774978800903,0.995371266720295
2023-03-07,1.0614921326650155,0.9563817490117588,0.985960665649013
2023-03-08,1.059814964440717,0.9477173027577982,0.9695182089017146
2023-03-09,1.0411225582701473,0.9368982103706386,0.9600015166755419
2023-03-10,1.0337299699029512,0.9380182198151363,0.9564093823981208
2023-03-13,1.0332452057906272,0.9403225369791541,0.9499996975668111
2023-03-14,1.0533210205722008,0.9487173396370755,0.9621386274394997
2023-03-15,1.0536174191654866,0.9493267499079359,0.9471915521068961
2023-03-16,1.0717480649293514,0.9500830498826836,0.9472372009319633
2023-03-17,1.062528088562205,0.9409653460381389,0.9333342749212153
2023-03-20,1.0702194568833105,0.9533471869301878,0.9500172357657766
2023-03-21,1.0848170303002023,0.9573612626620437,0.9665292321949406
2023-03-22,1.0683175283436757,0.9450960884655693,0.9508997345341443
2023-03-23,1.0767186057851919,0.9458078677990499,0.9489199343716898
2023-03-24,1.0830937669839187,0.9557388025622101,0.9554124828817332
2023-03-27,1.0873393477457052,0.9641179166812566,0.96791120254996
2023-03-28,1.0827366957465672,0.9602520276216844,0.9679786421932232
2023-03-29,1.0986164483293028,0.9666434369643826,0.9736322500443411
2023-03-30,1.1047944859748415,0.9707755097859551,0.9774077293229505
2023-03-31,1.1209526143879927,0.9798615501089858,0.9838349891403475
2023-04-03,1.1274152841098328,0.9910781323203235,1.0057749477037246
2023-04-04,1.1252909409286478,0.9919206561960212,0.9997946062288423
2023-04-05,1.1248610503420862,1.0085995125000733,1.0104239992027313
2023-04-06,1.126272575515386,1.0092569012245098,1.006783798250323
2023-04-10,1.124767808960094,1.0066107408258294,1.0077679868235596
2023-04-11,1.1236621370160624,1.0068316009031477,1.0094290303615374
2023-04-12,1.1170404840242782,1.0071113214779237,1.0101657701422735
2023-04-13,1.1355940904940964,1.0176918705016906,1.0196436665404764
2023-04-14,1.1355737597054336,1.014659266420736,1.0174486422412106
2023-04-17,1.1361634844682418,1.0148884302639796,1.013435286888144
2023-04-18,1.1368838656520233,1.0075130302554944,1.0178048403281221
2023-04-19,1.1306080621729713,1.0092925048399235,1.0204666641761693
2023-04-20,1.1234512522028655,1.0072267925012743,1.0180641791894567
2023-04-21,1.1280890391352865,1.0123925814579517,1.0225861757645012
2023-04-24,1.127238032028212,1.014151692126471,1.03383254023916
2023-04-25,1.1133001190485674,1.0164446827416034,1.028674180942275
2023-04-26,1.105421837028152,1.0022289052325168,1.0150132240182248
2023-04-27,1.1248612900685238,1.0066686357352963,1.0044661799437185
2023-04-28,1.1357745308096132,1.0117421892233658,1.0136541868132727
2023-05-01,1.1328188450520915,1.0129356238704155,1.0097040688275922
2023-05-02,1.1190157043891031,1.0085316279339427,0.9963639026449873
2023-05-03,1.111265683722762,1.0015703801169686,0.9871324976780617
2023-05-04,1.1042055767247339,0.9986225044650854,0.9771404725836642
2023-05-05,1.1235053387097975,1.0068679440890806,0.9903665541444626
2023-05-08,1.126124910076257,1.006396186513981,0.9935643567091837
2023-05-09,1.1224037400726834,1.002174749895237,0.9899299719829261
2023-05-10,1.1255366478760618,1.002071643740595,0.9868706944225697
2023-05-11,1.1247640465644648,1.0020152495404155,0.979552164439719
2023-05-12,1.1218760507240395,1.0031005249431006,0.978914934612474
2023-05-15,1.1251887812452044,0.9978162007456104,0.9771419092931765
2023-05-16,1.1178308778637753,0.9879728538367858,0.9647669543372939
2023-05-17,1.1326264449162857,0.9880735462120948,0.9702835989408856
2023-05-18,1.14467541088013,0.9869245974120106,0.9740214498931987
2023-05-19,1.1430024143688136,0.988223830130861,0.9806681465469832
2023-05-22,1.1403927428778364,0.9778343743647778,0.969917068764005
2023-05-23,1.130552685394797,0.9754870286970729,0.9681865899717452
2023-05-24,1.1260735554577637,0.971755786852762,0.970859113397893
2023-05-25,1.1257914532514222,0.9584089315311027,0.9624921400428853
2023-05-26,1.1447786869741494,0.9590953152272049,0.9580450165802102
2023-05-30,1.1476145406356812,0.9547854261081794,0.95009497298079
2023-05-31,1.1464737660458022,0.9571298167267165,0.9447334581186361
2023-06-01,1.1564718094833308,0.9586621969778599,0.9542163332822209
2023-06-02,1.1696138683706345,0.9707931792394829,0.9679038169945352
2023-06-05,1.1675899262525542,0.9739823906965406,0.9685097305977624
2023-06-06,1.1698305888704648,0.9697993563704747,0.955799569647717
2023-06-07,1.1633496426077339,0.9735419724625859,0.9531861893992765
2023-06-08,1.1748787096117328,0.9824102864559564,0.9633332408514895
2023-06-09,1.1793124393147183,0.9835299606718656,0.9637944696934345
2023-06-12,1.1897103972590124,0.981870862388768,0.9595290654224146
2023-06-13,1.1955084787507742,0.9851622274944147,0.9643322008335168
2023-06-14,1.1978645750979653,0.9876279489995041,0.9637821575345722
2023-06-15,1.2106385970749751,0.9972604321290875,0.968926635387065
2023-06-16,1.2077765161664726,0.9979858826477601,0.9678837840597281
2023-06-20,1.2046930649230705,0.9929550701448914,0.9670603391515566
2023-06-21,1.1943120567780838,0.9930276908626545,0.9716840874040438
2023-06-22,1.2010762273564293,1.0000813747650872,0.9811323323827117
2023-06-23,1.1955709249315973,0.9955141138383684,0.9786707098125046
2023-06-26,1.1872887957536167,0.9920178704504464,0.9731950625421241
2023-06-27,1.1985164997997377,0.9926214870538911,0.9790116780493382
2023-06-28,1.197622634499168,0.990501741240862,0.9744352166800423
2023-06-29,1.2013277180958963,0.9935414919665271,0.9818548642505557
2023-06-30,1.21633992631192,1.0033405543288585,0.9959072640751695
2023-07-03,1.2207278486653277,1.002793220459142,0.9925978440442048
2023-07-05,1.2217909412513448,1.0031955648354904,0.9887361692395379
2023-07-06,1.2083993965701214,0.994269092991695,0.9691178459143946
2023-07-07,1.2013198291970362,0.9808749635717545,0.9571065198952967
2023-07-10,1.2037257959588306,0.9824689200595138,0.9652088468857583
2023-07-11,1.2125666098617587,0.9822776859666688,0.9637541335494583
2023-07-12,1.2210200840047143,0.981499609240606,0.9633981686977925
2023-07-13,1.230471185541927,0.9834629852731741,0.9605700590147382
2023-07-14,1.2279203023890393,0.9837046579907595,0.9547778134945293
2023-07-17,1.2305033580018623,0.9754212669800929,0.9495157813275317
2023-07-18,1.2390998416150851,0.9751140717018871,0.9516710167141327
2023-07-19,1.2475510470398046,0.9819732662317344,0.9536067624357781
2023-07-20,1.2378343392340874,1.0001471061013225,0.967581288336916
2023-07-21,1.239796090768483,1.009125093616186,0.9748524311564589
2023-07-24,1.247107210077365,1.013885858412398,0.9737268873637007
2023-07-25,1.2476387791564647,1.0136627568282144,0.9715141289441772
2023-07-26,1.2484775437189877,1.015723660446542,0.9682417419661805
2023-07-27,1.242290138906923,1.0109930399682125,0.9675437161986727
2023-07-28,1.2578267644704022,1.016481964941294,0.970633842319116
2023-07-31,1.261274377019823,1.007896684127772,0.9794030978523881
2023-08-01,1.2571711885019499,1.004868582646285,0.9714775424861
2023-08-02,1.2404317316753695,1.0063594058193048,0.9646716963856551
2023-08-03,1.2418681822040536,1.0051105997353764,0.971130818408125
2023-08-04,1.237450075671249,0.996264783396171,0.9678157401330806
2023-08-07,1.2495462451661998,1.0092024419981545,0.9750598597442972
2023-08-08,1.2430637870353338,1.0079739044960812,0.9744601172632307
2023-08-09,1.2333108418741427,1.0082629734687159,0.9758870075812316
2023-08-10,1.2380527443652245,1.006619986161079,0.9764100315325703
2023-08-11,1.2385616805118913,1.0155769448439724,0.9844420246050105
2023-08-14,1.246618351617412,1.0133189482910196,0.9951127756283276
2023-08-15,1.2315492981618212,1.0051569031022438,0.984359897455883
2023-08-16,1.2208677401178198,1.0027634025910062,0.9771942175564283
2023-08-17,1.2114965692475321,1.0001695933267942,0.980495145959427
2023-08-18,1.2119300690038433,1.0017127460046447,0.9861484765327225
2023-08-21,1.221274195508393,0.9933156115710201,0.990550798078131
2023-08-22,1.2158571174838553,0.9869962930529879,0.9769537140299516
2023-08-23,1.2287523824742332,0.9905781088571881,0.9847339505384096
2023-08-24,1.2108359884429616,0.9860619388369428,0.9767979716239359
2023-08-25,1.220912788049004,0.9939980387950945,0.9830434708174784
2023-08-28,1.2280168866530232,0.9938377326470519,0.9860033591861075
2023-08-29,1.2457402285317867,1.0000749591547116,0.9949343048332846
2023-08-30,1.2499630521060272,1.001103824776403,1.0013186458023702
2023-08-31,1.2513389314274492,0.9969376866626677,0.9977127637673064
2023-09-01,1.2526328325760478,0.994275022348255,1.0074321355659765
2023-09-05,1.2505820462549468,0.9892569267679956,0.9980275425388574
2023-09-06,1.2454050587987315,0.9863374741034755,0.9954145794162703
2023-09-07,1.248192360948272,0.9943788599197834,1.0018131450680212
2023-09-08,1.2498460137377936,0.995315653113186,1.008686920220751
2023-09-11,1.2612491966605415,1.0010173455873521,1.0025234318895793
2023-09-12,1.2559624885510734,1.0020398304609826,1.0137474926485286
2023-09-13,1.2578175432601781,1.004512419317411,1.011948191977403
2023-09-14,1.2656498691067175,1.0118172365676532,1.0257016574129478
2023-09-15,1.2511898333775522,1.0045238030709385,1.0122804882883965
2023-09-18,1.2526230950339023,1.0059125066928791,1.0186492215294733
2023-09-19,1.247649439183773,1.0044719079231943,1.0148907444738788
2023-09-20,1.2379254674241118,1.0072971626613705,1.0095996679002721
2023-09-21,1.2199280499541372,0.9965946812524039,1.0005910038351225
2023-09-22,1.2152858945131841,0.9939969101382113,0.9996436086591841
2023-09-25,1.2188767871283024,0.9942609112581716,1.0073070841125416
2023-09-26,1.2044663171970793,0.9877663212360152,1.004899077614292
2023-09-27,1.2049066402519144,0.9809852108769247,1.012894617991914
2023-09-28,1.2119396712364447,0.9815838591385116,1.0106591868549553
2023-09-29,1.2081106160922694,0.9740740971411497,0.9953246903884296
2023-10-02,1.212215837142713,0.9685526095312031,0.9881120695593448
2023-10-03,1.1975225379226089,0.9648819296200384,0.9835802650118076
2023-10-04,1.2049605976512512,0.9661357105128665,0.9721123571891777
2023-10-05,1.2031055584739612,0.9620195251214793,0.9673893125514901
2023-10-06,1.2133950001387395,0.961491080116228,0.9645047752026129
2023-10-09,1.2201005419931072,0.9672028226255436,0.9797998195293618
2023-10-10,1.2263348314313627,0.9737009744056786,0.9765058802922216
2023-10-11,1.226160629057577,0.965069719624741,0.9649918237325639
2023-10-12,1.221776701814087,0.9603115335694101,0.9662669698395189
2023-10-13,1.2179788730610812,0.9644659575934972,0.9766279632850691
2023-10-16,1.228946018595404,0.9701506421552073,0.976660855586524
2023-10-17,1.2299767513861524,0.9726506661572077,0.9829703908739047
2023-10-18,1.2165529698431132,0.9663798944235297,0.9809641960759148
2023-10-19,1.211196578201632,0.9641334261860375,0.9698791446940228
2023-10-20,1.1986587582310955,0.9640728171288111,0.9668185654893461
2023-10-23,1.1944144769231035,0.9567298679700075,0.9626808550702555
2023-10-24,1.203405247992557,0.9642082890598275,0.9641876031343461
2023-10-25,1.18880103063318,0.9637338505374184,0.9600508601538223
2023-10-26,1.1732588079309318,0.9565843422881211,0.9566083208437383
2023-10-27,1.1671778389381078,0.9369270673385189,0.931928188675402
2023-10-30,1.184317577233002,0.949515826410712,0.9413085706675876
2023-10-31,1.191398081201104,0.9534732876592816,0.9390801268103578
2023-11-01,1.2039723329783472,0.9570547070309621,0.9446775092276526
2023-11-02,1.224086937941117,0.9679478279176709,0.9602437372440922
2023-11-03,1.2306469791010772,0.9673325495120437,0.9547105146661157
2023-11-06,1.2335748995453362,0.9683572573246417,0.9505620006859616
2023-11-07,1.2400665809936524,0.967649962405764,0.947273528114343
2023-11-08,1.2379703123357284,0.9633335137753192,0.9437878849769266
2023-11-09,1.22918545704053,0.9525300557775166,0.9324218487142856
2023-11-10,1.2450955591265114,0.9563654938973101,0.9376998091223369
2023-11-13,1.2468070173174546,0.9604642165381616,0.9439186435491445
2023-11-14,1.2655605356547825,0.9622644131835597,0.9450146849745371
2023-11-15,1.2703696953903605,0.9661777787292833,0.9401163149689481
2023-11-16,1.2718578461251182,0.9631335344417412,0.9290359506394553
2023-11-17,1.2734980130195894,0.9628299004528911,0.9370325226762386
2023-11-20,1.2830140037687061,0.9667876527386575,0.9371519644628825
2023-11-21,1.2818649228142995,0.9705732465713012,0.9375867973341031
2023-11-22,1.2853695583919365,0.9701676703311509,0.9319292536115835
2023-11-24,1.2875930553847117,0.9754738243430566,0.9355732647543272
2023-11-27,1.2856183046654726,0.9731560849327405,0.9351924624267173
2023-11-28,1.287947726352208,0.9753940502773559,0.9353884533206197
2023-11-29,1.2856032480338222,0.9721928930773164,0.9270341813704622
2023-11-30,1.2932589267365935,0.9824673970443003,0.9319763463342499
2023-12-01,1.2964552173903539,0.9895390419841019,0.9326178284712453
2023-12-04,1.286791972370421,0.9912394012700098,0.9309036871733218
2023-12-05,1.288967841813922,0.9930912541752271,0.928243782637829
2023-12-06,1.2819810280140436,0.9870020458588072,0.9208591401305551
2023-12-07,1.2919289941681467,0.9842442794879614,0.918532513810428
2023-12-08,1.295883379587318,0.9810821739624999,0.9227827730768701
2023-12-11,1.2989169767980082,0.9844468535615418,0.9252605648056899
2023-12-12,1.3034222778478761,0.9845087087321968,0.9227973262634774
2023-12-13,1.31915962505669,0.9967745520438711,0.9340868669427145
2023-12-14,1.3185256865924697,0.9962742885415906,0.9421205786306484
2023-12-15,1.3221199300375068,0.9909734934114252,0.9367216275011087
2023-12-18,1.3328126794560682,0.9965385111411512,0.9447681996437779
2023-12-19,1.3399736308059524,1.0004733198806524,0.9505638569380169
2023-12-20,1.3207409019762735,0.9853859167842774,0.9367037671195206
2023-12-21,1.3329762085491421,0.992606760464974,0.9444101101314377
2023-12-22,1.3361529451076006,0.9994264073514831,0.9514373295893969
2023-12-26,1.3425998354463318,1.00188996697201,0.9524774706454334
2023-12-27,1.3451483838403129,1.0043900485576596,0.9526987974741827
2023-12-28,1.3433505882830423,1.0044332521621169,0.9509957874839272
2023-12-29,1.34050213562942,1.0056239690231759,0.9513971381413078
2024-01-02,1.338345744648132,1.0236151727960752,0.9771413272968172
2024-01-03,1.3339493987946227,1.0285695326294875,0.9855974974299725
2024-01-04,1.331467344972236,1.0265545512700918,0.9925506031923119
2024-01-05,1.3341066964680945,1.0266316705533274,0.9966202230098106
2024-01-08,1.3497783280163966,1.029493881607507,0.9961423574520604
2024-01-09,1.3472903304718884,1.0285974965376277,0.9976514097009023
2024-01-10,1.3553444592442616,1.0325453884155813,0.9989905870064677
2024-01-11,1.3548574861780167,1.0272952837909832,0.9973914527098016
2024-01-12,1.3558287531373139,1.0340723966794723,1.002824496608936
2024-01-16,1.3510454395590825,1.02778450867485,0.9960639576086563
2024-01-17,1.3456440625127701,1.0263035014200714,0.9913466978213236
2024-01-18,1.3537897886918742,1.0305792979456696,0.9971871296001029
2024-01-19,1.3668676370351427,1.0318727831857843,1.005709724438368
2024-01-22,1.3684146695871948,1.0337104582139878,1.0083498297255413
2024-01-23,1.3731095135711495,1.0358393585866676,1.0133847932888007
2024-01-24,1.3761099045012402,1.026728948841125,1.0156447232987984
2024-01-25,1.3845499682001594,1.0384220488407208,1.0286862749330938
2024-01-26,1.3845426799673624,1.0414447916553506,1.0327848630589476
2024-01-29,1.396950270737391,1.0440336916392519,1.0397297056046382
2024-01-30,1.3998397739671724,1.0479742019815206,1.0462157489940251
2024-01-31,1.382679158239777,1.0432610986492197,1.034258760047754
2024-02-01,1.3990960017748184,1.0587276691662655,1.0616821512751977
2024-02-02,1.4085136214654372,1.0593512063524175,1.0706404842932475
2024-02-05,1.403677624422591,1.0562087883985023,1.076935861084532
2024-02-06,1.406666338910276,1.0621184364279828,1.0793712294621962
2024-02-07,1.4161478122173505,1.0622687969938658,1.0868101191403094
2024-02-08,1.4178113796515979,1.058448520211673,1.0854887487464349
2024-02-09,1.4199148799302705,1.053501952689567,1.0820380096511057
2024-02-12,1.4192899006744675,1.0578659674106976,1.0854600286573874
2024-02-13,1.405325184382073,1.0514724606486467,1.0829879347980724
2024-02-14,1.4177497555551541,1.0505863165250469,1.0891504583773308
2024-02-15,1.4290234828850872,1.061766481973838,1.092132565274938
2024-02-16,1.420144379869358,1.062778275046644,1.0992683079580388
2024-02-20,1.4143663085854608,1.072607502605327,1.094885904178963
2024-02-21,1.4149505417635206,1.0751341175920928,1.0914475604243103
2024-02-22,1.4329426886349739,1.080772492042238,1.1151076443033505
2024-02-23,1.4348593737706206,1.0846950279125145,1.1163487035327864
2024-02-26,1.4344367692232738,1.0838681315101633,1.118317239787174
2024-02-27,1.4356758043065143,1.0823784954810318,1.118487149220948
2024-02-28,1.43344535999336,1.0834401915217668,1.1118499256324024
2024-02-29,1.4388905974747301,1.0763504315537054,1.1069970682481034
2024-03-01,1.448266302274525,1.0786212918186824,1.1154850357917963
2024-03-04,1.4419079707373919,1.0710744042020335,1.1091559785874248
2024-03-05,1.427644121564606,1.073621500014817,1.1075038287219356
2024-03-06,1.432180405578588,1.0753392643537147,1.1208869989634913
2024-03-07,1.4430880042626575,1.074011694506993,1.130808706194849
2024-03-08,1.435766789465779,1.074540094486661,1.116702265150453
2024-03-11,1.4410306881511572,1.0835299019880071,1.1111243748439243
2024-03-12,1.4558063058415813,1.08972973342849,1.127185052577026
2024-03-13,1.4521034927595082,1.0893085436409584,1.1224263466370143
2024-03-14,1.4488925416437086,1.085700670741871,1.1133699774625334
2024-03-15,1.4364287704929528,1.080341642225099,1.1142024125643326
2024-03-18,1.4536396411062322,1.082237559191783,1.1183462704807354
2024-03-19,1.4592323418560698,1.083539479131418,1.1237009763989227
2024-03-20,1.470212442138089,1.084820113110389,1.135456617768417
2024-03-21,1.4719009412250557,1.0853227764908429,1.1378752251656221
2024-03-22,1.4679960358786184,1.0815351754335627,1.1416313886978873
2024-03-25,1.4664726274009166,1.0823908884521962,1.147021660179345
2024-03-26,1.4665012658358896,1.0835933017750559,1.1420082788017998
2024-03-27,1.4766075755388977,1.0962495151820502,1.158043406420926
2024-03-28,1.4772846542010674,1.0975082853487836,1.1552877792382963
2024-04-01,1.473486330576925,1.0931279403001943,1.1518976442464255
2024-04-02,1.464460229051871,1.087604636633533,1.1441932029097583
2024-04-03,1.4576178682998282,1.0792509807831834,1.1447927291867162
2024-04-04,1.4415052472719745,1.069781855871775,1.1302036642527724
2024-04-05,1.4522345057964512,1.072985677842881,1.1408957971160492
2024-04-08,1.4510625143475544,1.068768115342175,1.1317849793200092
2024-04-09,1.4561723026932356,1.0728566132258206,1.128244851317374
2024-04-10,1.4457527363276201,1.0681857350323134,1.1372619334809875
2024-04-11,1.4502806602315796,1.061079001422597,1.1400288325884622
2024-04-12,1.4298768540212823,1.0525108569105497,1.1311834719715042
2024-04-15,1.4138866591358836,1.0503005180020568,1.1246983412158806
2024-04-16,1.4120074424542979,1.0443731290154137,1.1225920974534918
2024-04-17,1.4097512425487282,1.04787928101596,1.116055708714803
2024-04-18,1.409679112282037,1.052859494629535,1.1150050692649547
2024-04-19,1.40380064120534,1.0647134230156636,1.102297389270665
2024-04-22,1.4123565000923108,1.0721550093244616,1.1164891411697546
2024-04-23,1.4249450173715597,1.0709669125735084,1.121632720826337
2024-04-24,1.4313062859054337,1.0768837587410471,1.1176392180748214
2024-04-25,1.4306302438726075,1.0770383385950113,1.1374417812780777
2024-04-26,1.4321798118634128,1.0726045826116537,1.1436819641168536
2024-04-29,1.4353270573839407,1.0762233005095332,1.1417450672033733
2024-04-30,1.4141697472049262,1.0653820983804414,1.1291056410828462
2024-05-01,1.4122874928090345,1.0708891803916583,1.1170340722000487
2024-05-02,1.4234215464781466,1.0719793585487942,1.126182967000832
2024-05-03,1.4374757143023298,1.0729706586271623,1.1314525214692777
2024-05-06,1.4510807239471795,1.0741000073126732,1.1417859865687632
2024-05-07,1.4530371581446158,1.0810742158377986,1.152778542547162
2024-05-08,1.4512657053036133,1.079723416707303,1.1488402429894873
2024-05-09,1.4576568277593585,1.0856887319199788,1.153643540678073
2024-05-10,1.4593813936598385,1.0884893149518406,1.154993655157388
2024-05-13,1.461147256427895,1.090482950605035,1.1529181583042831
2024-05-14,1.4642148084544724,1.0875285353717463,1.1503367981487036
2024-05-15,1.4769807357955287,1.0938378217677376,1.1662666024020063
2024-05-16,1.4787292075655478,1.1048451871924951,1.1747634349085652
2024-05-17,1.4834828045155948,1.1089721401036787,1.1802055440040315
2024-05-20,1.4775532219758738,1.0997399299548605,1.1806000845948208
2024-05-21,1.4827454740185655,1.1015815794829817,1.1880028179398114
2024-05-22,1.4775675390723197,1.104435205107375,1.1855546785526365
2024-05-23,1.4629671538735487,1.091113187335825,1.1910577971003502
2024-05-24,1.4686588086867192,1.0861725792721744,1.1958182799042596
2024-05-28,1.4667608503604415,1.0746046244273182,1.1929139377405125
2024-05-29,1.456956965726539,1.068671776587157,1.1919278355809304
2024-05-30,1.450171435452644,1.0729453128121873,1.1817580598730557
2024-05-31,1.4684213497922125,1.0896853451550896,1.1903050269443742
2024-06-03,1.4663567970073597,1.0893279552943926,1.2041574200140723
2024-06-04,1.472989506525309,1.0981717021705588,1.208866763239723
2024-06-05,1.4825406506919587,1.0966604164044702,1.22468950550176
2024-06-06,1.4884304026502406,1.1014936034029803,1.227725756648101
2024-06-07,1.4860419874895991,1.0962054129958851,1.2208167769897675
2024-06-10,1.4873121361650332,1.0985754331377753,1.2323565282582707
2024-06-11,1.4861461977361967,1.0968644267239984,1.2288948192310072
2024-06-12,1.4848447091663448,1.0861553975943463,1.2254615878290933
2024-06-13,1.4854831933964634,1.087711337547358,1.231546971270844
2024-06-14,1.4908895789218173,1.0894074382087353,1.2396760614187265
2024-06-17,1.4993337130154358,1.0917275950853471,1.2406737363042835
2024-06-18,1.5035491927343834,1.0940030723821468,1.2504842710432174
2024-06-20,1.5086996733373077,1.1015273292879058,1.2523129129744386
2024-06-21,1.5112559971719532,1.1049160046394677,1.2472830223606435
2024-06-24,1.5118850724808766,1.1173942506446652,1.2506589667485775
2024-06-25,1.5145956532000686,1.1074682905244422,1.2513932358872015
2024-06-26,1.5196651707924231,1.1080982490244502,1.2545547577616947
2024-06-27,1.5224734548208003,1.1029192549895674,1.2445043225564527
2024-06-28,1.5194880100856671,1.1006223751800908,1.2288293551865328
2024-07-01,1.5232950726807324,1.0988069963651876,1.239547578843633
2024-07-02,1.5354715125266842,1.1004005206027763,1.2425268830155753
2024-07-03,1.54089144951608,1.098416425752885,1.2451027096394314
2024-07-05,1.554101381382913,1.1077357066179006,1.260566599883445
2024-07-08,1.5519661027595528,1.1016592287757692,1.2575012089615665
2024-07-09,1.5546880498492337,1.103096807637185,1.2650571046288281
2024-07-10,1.5644460160149962,1.1134097161655878,1.2759119753059407
2024-07-11,1.5469367860097947,1.1127286360449884,1.264185036990329
2024-07-12,1.553280458132694,1.1151000203516845,1.257016392050145
2024-07-15,1.5579990507960235,1.1141848197725932,1.2636705607636929
2024-07-16,1.5688557464465909,1.1239867524312959,1.260698537176126
2024-07-17,1.5704148317639375,1.1446025878199255,1.260300804209776
2024-07-18,1.5602720666319845,1.1396280773334542,1.255512245480496
2024-07-19,1.547552221845798,1.1365216218846141,1.2528599348059624
2024-07-22,1.5542383145336078,1.1318265456477437,1.2593535384967074
2024-07-23,1.544445395682573,1.123416253463814,1.255342862521844
2024-07-24,1.521787568135279,1.1336956907480347,1.2461726410033638
2024-07-25,1.5217161889357915,1.1393900828406593,1.2408510528476167
2024-07-26,1.5356798082117398,1.1467144306297885,1.2431192197797982
2024-07-29,1.5359021631533172,1.1433543966171882,1.2437855351513731
2024-07-30,1.5328265788872906,1.1423621084637214,1.2217710289026784
2024-07-31,1.544838721468657,1.1353553922235997,1.224584667421942
2024-08-01,1.5319613905507068,1.14610615270276,1.224030458046086
2024-08-02,1.5111644932596144,1.1544558759426482,1.2103905090843106
2024-08-05,1.4657316355812788,1.1303208466436638,1.1815154335596485
2024-08-06,1.4750784779705675,1.1279642843340667,1.19069673632826
2024-08-07,1.4669468123708793,1.1271075183356694,1.1840304982293375
2024-08-08,1.4975076558993003,1.1391647625636545,1.2089559033682897
2024-08-09,1.5020451047484404,1.141569943231626,1.2146330950783133
2024-08-12,1.4993860712437834,1.1396590119043335,1.2216262409076848
2024-08-13,1.5179116146177984,1.140459401124183,1.2325964385321238
2024-08-14,1.5219088811536676,1.1448360118011138,1.2398815788611564
2024-08-15,1.5461453049970546,1.1550563207964557,1.2636019108117693
2024-08-16,1.5518876939876383,1.1590055383948705,1.2690529981800507
2024-08-19,1.566802708142976,1.1631720740514557,1.2821243534152473
2024-08-20,1.564269461034497,1.1672214801323968,1.2824309623571453
2024-08-21,1.5697200938088771,1.1724191074759218,1.2910049653877005
2024-08-22,1.5569087194268443,1.1733986516910997,1.2901324005650507
2024-08-23,1.5717002934935547,1.1801701570750072,1.2984800893657915
2024-08-26,1.5722542719207353,1.1857515365635285,1.2971475233247562
2024-08-27,1.5714911497053086,1.1860392947220857,1.2986815468963504
2024-08-28,1.5604009063952093,1.1866709994179583,1.2964638522134768
2024-08-29,1.5652764063764995,1.1905228498272427,1.2925147056117157
2024-08-30,1.5817540659004654,1.1995737269951723,1.304479545981442
2024-09-03,1.562835836345758,1.201054165845473,1.2846269423775032
2024-09-04,1.5610545009450292,1.2003352653364763,1.2799017289245118
2024-09-05,1.5591956914423335,1.1938312648836353,1.280063206613519
2024-09-06,1.5366980292831032,1.1895724466145887,1.2649423771591868
2024-09-09,1.5548326837846866,1.2002035491875442,1.277518015499411
2024-09-10,1.5587759425334125,1.2056016196230566,1.282655550127726
2024-09-11,1.5658467287297888,1.198203119333228,1.2902674489748966
2024-09-12,1.577258963672407,1.203779136461263,1.2999354734381996
2024-09-13,1.5814172924203278,1.2120371262636689,1.3049465635139539
2024-09-16,1.5917523043096136,1.223425476157117,1.3142475212721256
2024-09-17,1.592303891785975,1.2148961968953822,1.3020020986896585
2024-09-18,1.5856185780944205,1.2127987387432806,1.2998594844528426
2024-09-19,1.6054921488630438,1.2036813581987582,1.3038527961404427
2024-09-20,1.6066870536200193,1.2098076448827104,1.3081749644558807
2024-09-23,1.6143125816907258,1.2126794067025413,1.314067914181752
2024-09-24,1.6155239610165342,1.2095582172398893,1.3206518953102377
2024-09-25,1.6145050800248237,1.205975426377698,1.3243821755513823
2024-09-26,1.6133272521370745,1.2011695617142402,1.3136248185457895
2024-09-27,1.6190545726511385,1.2065254863058903,1.314757814371149
2024-09-30,1.6251917571154426,1.212112425696967,1.3239820948809284
2024-10-01,1.6167356543580205,1.2151572618714952,1.3210968433322707
2024-10-02,1.6154318226616111,1.209332659515308,1.3135134894650016
2024-10-03,1.6108799344607712,1.2051013814903055,1.3149576415503503
2024-10-04,1.624546458240825,1.2061446801020066,1.325669430947636
2024-10-07,1.6042929687843894,1.1936925891692003,1.3136401582827424
2024-10-08,1.6191632221677892,1.1974067704338291,1.3234497074841303
2024-10-09,1.628648929454467,1.2068152552527716,1.332225043274482
2024-10-10,1.6260649072200453,1.2026734866636766,1.3250372995515236
2024-10-11,1.631746198499517,1.209671070244422,1.33663403200801
2024-10-14,1.6406766923098128,1.2150626539271012,1.3417367084087155
2024-10-15,1.6322797304458136,1.2164988557983107,1.3418553988196353
2024-10-16,1.639038959345283,1.2185122064868994,1.342047012827016
2024-10-17,1.6362869187648572,1.216096439132591,1.3398905037272648
2024-10-18,1.6454753396941244,1.219584251502989,1.3431179908983686
2024-10-21,1.6400616611223893,1.2099909832194589,1.338702445690521
2024-10-22,1.6409934812808034,1.2143426367032955,1.347941977336887
2024-10-23,1.629469348140262,1.2165215622135637,1.3499009967617346
2024-10-24,1.6354863312488186,1.2096844618075093,1.3498233774675108
2024-10-25,1.634396899603817,1.2008488453591502,1.341765971715116
2024-10-28,1.6385601941922645,1.2034580520795584,1.3483719150054
2024-10-29,1.6363975689211823,1.1936372028469777,1.3444329594039002
2024-10-30,1.6367920304875756,1.194691733786525,1.346332642218851
2024-10-31,1.617687868006285,1.1890701409210127,1.3378751949400716
2024-11-01,1.6284391355480343,1.1905535069281943,1.339414717544668
2024-11-04,1.6233642119752785,1.1882909824934018,1.3329106605926182
2024-11-05,1.6391217376006921,1.1959410721906063,1.349867895729331
2024-11-06,1.6751189546645306,1.2002192254722983,1.3622005203546166
2024-11-07,1.6872189396108364,1.2018306464637045,1.3662279569161035
2024-11-08,1.6998354115315473,1.2105466055524525,1.3755341624023252
2024-11-11,1.7037945910715828,1.201485519473064,1.3614177204215345
2024-11-12,1.6989484516788493,1.1965096700219093,1.3623933889484563
2024-11-13,1.7062487644958286,1.2001341965862173,1.3626013114206668
2024-11-14,1.6996037949456244,1.1956433451859492,1.3561118284565608
2024-11-15,1.6858011660236187,1.189499552893956,1.3457351385138092
2024-11-18,1.6945494421869314,1.193531752672641,1.3469189101500176
2024-11-19,1.6980205174086977,1.1960485350306724,1.3634303565683827
2024-11-20,1.7011222697062802,1.2035714970563502,1.36939207948438
2024-11-21,1.7135653620341764,1.2174419408560448,1.384415705471624
2024-11-22,1.725136089485589,1.2264192504095128,1.397741787966437
2024-11-25,1.7286607727413825,1.228197546672839,1.3931695632503778
2024-11-26,1.7385638610866818,1.2373393947042923,1.4094936933854998
2024-11-27,1.734830765814503,1.2405046236075505,1.4129455118711198
2024-11-29,1.74193698210943,1.2415428462293445,1.4192391926603427
2024-12-02,1.745943060410296,1.2397262505487183,1.4192267830069938
2024-12-03,1.7448928235707977,1.2393934293027355,1.431509173604374
2024-12-04,1.7480566386267615,1.234473533326015,1.4394190570681948
2024-12-05,1.7484503956079278,1.2375068954143882,1.4410022993361888
2024-12-06,1.7534103987240943,1.2303867416862975,1.4393779616582814
2024-12-09,1.7425951612250143,1.2245716244496325,1.4171707677541747
2024-12-10,1.7440231913282733,1.2266057203066958,1.420193830938645
2024-12-11,1.7515534654356222,1.2198490848935069,1.423300451115268
2024-12-12,1.743986224169642,1.2179889167132498,1.4116873734344133
2024-12-13,1.7381453262000075,1.2173771625766443,1.4098154868019448
2024-12-16,1.735591681880364,1.2056652303127335,1.4021018675381034
2024-12-17,1.733966519384021,1.2084221897852279,1.3993637809232422
2024-12-18,1.69091653862439,1.1911077264920398,1.3748975097725453
2024-12-19,1.687232778465629,1.187821302964461,1.375290928805537
2024-12-20,1.7009619321088367,1.1919684396016277,1.379417836779558
2024-12-23,1.7097219306741052,1.193015840436607,1.3811721346332817
2024-12-24,1.7293869350542692,1.2033179133488798,1.4001713744233177
2024-12-26,1.7276644658501157,1.20441097884695,1.4011291384982234
2024-12-27,1.7117135490262443,1.1972352616580542,1.388314799146179
2024-12-30,1.6936288284095635,1.1853333884757948,1.3744862808797225
2024-12-31,1.691840681837655,1.1882377522194376,1.3714304648782245
2025-01-02,1.686718208100394,1.1841660595739723,1.372437655559063
2025-01-03,1.700273556936523,1.1891544304767123,1.3847083438220569
2025-01-06,1.7013361320689604,1.186107134449008,1.391874324657501
2025-01-07,1.6916095761747842,1.1850870081064644,1.3767892295070834
2025-01-08,1.6914374252575681,1.1851984608247383,1.3820899231826635
2025-01-10,1.6704880737925623,1.1763863514160058,1.3743559123729625
2025-01-13,1.6762821540245265,1.1823415811947664,1.368403399300905
2025-01-14,1.6771060519812537,1.1836694346758478,1.3658702292946798
2025-01-15,1.7039927212284982,1.1922343536121396,1.380328453087545
2025-01-16,1.6973652982628895,1.1915845384912083,1.3734168107813838
2025-01-17,1.7156880284836251,1.1976862241333806,1.3861860523159053
2025-01-21,1.7261914758297803,1.2022796847601793,1.3997473497097845
2025-01-22,1.731253840926319,1.2013373879109392,1.4056536691870434
2025-01-23,1.7431060751804413,1.2088281791204931,1.4171692380537002
2025-01-24,1.7392120062750456,1.208888239733876,1.420085464810483
2025-01-27,1.755972222634091,1.232027158312216,1.445970351281442
2025-01-28,1.7602503959331712,1.2282685753657288,1.4610005629497063
2025-01-29,1.7564626440242537,1.2285759139855392,1.455460592394577
2025-01-30,1.7673596911919298,1.2381849101933111,1.466301662609763
2025-01-31,1.7569927076456109,1.2281667557034872,1.460523404363762
2025-02-03,1.7587275809781804,1.2335088041018918,1.4738610910573926
2025-02-04,1.7678924924974226,1.2371261313210218,1.4857318321868496
2025-02-05,1.7734354773663341,1.2450068105744059,1.5030373820518075
2025-02-06,1.7726348609550096,1.2437776814007762,1.5107047300776515
2025-02-07,1.7574878907380198,1.2383121309901972,1.4979721948256115
2025-02-10,1.7705114375234972,1.2494272630304915,1.5113773605132206
2025-02-11,1.7769126395174741,1.2594320601621314,1.5148381961205946
2025-02-12,1.7797523439641056,1.2594851868701658,1.5212999738283164
2025-02-13,1.8016481732158574,1.2724933013999862,1.5386930764260505
2025-02-14,1.7985097424799508,1.2646200494001858,1.5320800623340212
2025-02-18,1.8006795547521637,1.266521319963452,1.5317153193022912
2025-02-19,1.8037091740063658,1.2783493689758296,1.5346365693351716
2025-02-20,1.795882901705839,1.2758141063478465,1.507646100422261
2025-02-21,1.774305555167862,1.2725424068441666,1.4849908182505858
2025-02-24,1.7669647495377026,1.2700444666213606,1.4725249382822592
2025-02-25,1.7610268252012373,1.2808337787009396,1.4881537207650162
2025-02-26,1.7531109743978224,1.2694473051131199,1.4824162557425717
2025-02-27,1.74020163801409,1.2693615006068597,1.4757544598102026
2025-02-28,1.7710414666671155,1.2869954819712508,1.5036356331369078
2025-03-03,1.7502858305062718,1.2802605390359305,1.4911319741040179
2025-03-04,1.7218540968075584,1.2629564315204864,1.4602746720150352
2025-03-05,1.7335283892546312,1.2689308148517464,1.47379833354858
2025-03-06,1.7113447720801003,1.26755129502918,1.4545469750827962
2025-03-07,1.7129349871914525,1.2713238000299436,1.4458644118454165
2025-03-10,1.6755836750508288,1.25799327978696,1.4160533379990476
2025-03-11,1.66175184817485,1.2426918595376133,1.4028496668674708
2025-03-12,1.6685605795273475,1.2315384182562388,1.3951750691094236
2025-03-13,1.6478652091059443,1.2267399601574227,1.3826964799685395
2025-03-14,1.6786841117544118,1.2410723817056355,1.4044912923558996
2025-03-17,1.6930055702023346,1.2530846720101845,1.4212637381817121
2025-03-18,1.6762018372862886,1.2436696650164645,1.3998546061984831
2025-03-19,1.6877231058204125,1.2504647333818866,1.4113702737737834
2025-03-20,1.6865906715361343,1.250424207229219,1.408312038119453
2025-03-21,1.6921300441820981,1.249936628635399,1.4118006208624527
2025-03-24,1.7188137726776285,1.2565795322652624,1.4306293609202347
2025-03-25,1.7217761709923278,1.2468087552137548,1.4162886274929603
2025-03-26,1.7108659643633477,1.2517588759903187,1.413953936915468
2025-03-27,1.712574461840522,1.2561311914049722,1.4185177044998445
2025-03-28,1.6826341113646346,1.2476665716960864,1.4047883875384262
2025-03-31,1.694935164128991,1.2612092696555466,1.4228042866014123
2025-04-01,1.6955490705641254,1.257269547633249,1.4266326966301612
2025-04-02,1.7013985718187583,1.2573999193316139,1.4284000784299453
2025-04-03,1.6581287825038604,1.2495524707246424,1.4042239629445157
2025-04-04,1.5806504697158121,1.1992786619362217,1.3414629277635708
2025-04-07,1.5751747298143506,1.190735563858405,1.3480840353308767
2025-04-08,1.5503461787258044,1.179239729991414,1.332015312291851
2025-04-09,1.6269149871853064,1.2196725186242228,1.383810106035052
2025-04-10,1.580476266655092,1.2022298887801899,1.366805932671513
2025-04-11,1.6011525504320068,1.2245699479848196,1.3898613383316647
2025-04-14,1.610714541315244,1.2347341763614978,1.4043605761411566
2025-04-15,1.6080522535167936,1.2299753505912265,1.405808236996602
2025-04-16,1.5751560092843029,1.2126331109832877,1.3755897712209852
2025-04-17,1.5841688248008436,1.224735409647614,1.3869383505254338
2025-04-21,1.5502705076363792,1.203879405098943,1.3600011382390642
2025-04-22,1.5896930667197777,1.2255465876004645,1.3934544420699713
2025-04-23,1.610329916563156,1.2267896024016904,1.406318570257698
2025-04-24,1.635699334857084,1.2331757035702318,1.4227778510340212
2025-04-25,1.6456869644381338,1.2371937686042456,1.4256715065910932
2025-04-28,1.6507097683402416,1.2395627313414892,1.4328553329683296
2025-04-29,1.659024592435563,1.2433187631264766,1.4408709239230548
2025-04-30,1.658966932630715,1.2453835547830914,1.4509090379401668
2025-05-01,1.6617557265023515,1.2411004685661091,1.4488520928629203
2025-05-02,1.6846554407612029,1.252146964724451,1.4664159906526226
2025-05-05,1.6735552801336977,1.2477835912702404,1.4641951080133364
2025-05-06,1.6625974386220521,1.2432360367930844,1.4584996029191943
2025-05-07,1.673083428187332,1.2485199232727369,1.4654121922583594
2025-05-08,1.6786381763376068,1.2408660893049581,1.4507631194566262
2025-05-09,1.6788755126334212,1.2351153924180125,1.447705288576095
2025-05-12,1.7214706036509242,1.2442434533107711,1.4465045929700902
2025-05-13,1.7230782153489748,1.2253038393418518,1.4382304795961298
2025-05-14,1.7218881710864546,1.222842490585961,1.4405250539738113
2025-05-15,1.7336329970356996,1.2378394200116734,1.4587274127440537
2025-05-16,1.7488462464219265,1.2525744407808466,1.4801518178858941
2025-05-19,1.751560184341695,1.2619810870607475,1.488883872796198
2025-05-20,1.746717002168255,1.2620904478652206,1.4864761398256199
2025-05-21,1.7225928153411507,1.2505225611867172,1.468364371440768
2025-05-22,1.722058968626556,1.2460669629399843,1.4602646696489248
2025-05-23,1.7100620137703288,1.2464315063397833,1.4614994404929524
2025-05-27,1.7395386998266564,1.2581697417550595,1.4767048787562325
2025-05-28,1.7305864942946645,1.2516434620082817,1.4712808133171724
2025-05-29,1.7340400088961232,1.2568187776269222,1.4724847062586603
2025-05-30,1.736892476165167,1.265613663480196,1.489258148073889
2025-06-02,1.7404303456134258,1.2677147872696362,1.500621683143101
2025-06-03,1.7480796775206056,1.2648700685948633,1.5020026473328254
2025-06-04,1.7461375620864412,1.2605472270613531,1.4958240909309526
2025-06-05,1.7334078305942333,1.2551274551723712,1.4858693918954922
2025-06-06,1.7563621790971247,1.2696970702884571,1.4949936747640675
2025-06-09,1.759298604477459,1.2726291031458659,1.4909917000127826
2025-06-10,1.7779835419293466,1.2838778605165808,1.4982648982004092
2025-06-11,1.7681270025111246,1.2828137465480058,1.4932561502703299
2025-06-12,1.7735720234163534,1.289995357116392,1.4944565744232141
2025-06-13,1.7510268393172925,1.2842751433691326,1.4828922814363537
2025-06-16,1.7651389874144612,1.2822114188409819,1.4834350121822089
2025-06-17,1.7497873290914006,1.2722120016226128,1.4713023749338656
2025-06-18,1.7462399081770406,1.268333476555265,1.4747878223431077
2025-06-20,1.7434373611402318,1.2643738335672654,1.4780158377358366
2025-06-23,1.7613614571989622,1.273070115139619,1.4979218402862016
2025-06-24,1.7774151692504385,1.2767288562197865,1.508824819028671
2025-06-25,1.7721927883477517,1.2743829586466042,1.503386747348401
2025-06-26,1.7826287568539034,1.2774294315634023,1.508551056453875
2025-06-27,1.79351005545938,1.2866851080841153,1.5150896435440253
2025-06-30,1.8004663527355518,1.2908703554233214,1.534023113906109
2025-07-01,1.8081944008124344,1.3036935761538029,1.5340405917395854
2025-07-02,1.8054957282275392,1.2974622711237664,1.5244136706128948
2025-07-03,1.8170140031668143,1.3042736991468613,1.5339019177834958
2025-07-07,1.8017946889389513,1.2986300280776426,1.5311846008191672
2025-07-08,1.804116007528742,1.2970741759505013,1.5182622506840737
2025-07-09,1.8071520544639974,1.2968231969956463,1.5163409277609425
2025-07-10,1.8103668636025192,1.2978640949422864,1.5099604287262234
2025-07-11,1.8002490688292019,1.2962373585193325,1.4994290727754034
2025-07-14,1.8012216400348007,1.2920373853278093,1.5072774956736232
2025-07-15,1.7863527151794962,1.284890994343894,1.5000730640919306
2025-07-16,1.7907209986047967,1.2917814971987474,1.4972590440397269
2025-07-17,1.801361056932017,1.2962147611329082,1.5065225315479698
2025-07-18,1.7954619485709917,1.28683745762997,1.4939484004938526
2025-07-21,1.8007198555970039,1.291552803062062,1.499665500185984
2025-07-22,1.807635207063167,1.2977173773673223,1.493936844160416
2025-07-23,1.8219838587315589,1.3052856405158704,1.5037992017636659
2025-07-24,1.8162979597430653,1.3075189079109584,1.5117135100843888
2025-07-25,1.8164645402462405,1.3084547884171505,1.5155252137564483
2025-07-28,1.8145985147434458,1.3015646043791222,1.5086759710527895
2025-07-29,1.808317599409541,1.3045581720061894,1.5127595465771861
2025-07-30,1.8010802189566504,1.2992693245356295,1.5134470911649383
2025-07-31,1.7857497361144306,1.2885827687054323,1.5059319216875708
2025-08-01,1.7668177054662055,1.2866778602989286,1.5128318400418723
2025-08-04,1.7841347840819768,1.2987555495688847,1.527786003174592
2025-08-05,1.7823164432798866,1.2992421875764102,1.5238445527000992
2025-08-06,1.7973317241827884,1.3018963136123385,1.5359252423522487
2025-08-07,1.795132492040074,1.3066656420671263,1.5466562185659518
2025-08-08,1.814444588583795,1.3152754975762815,1.5556590318108705
2025-08-11,1.8135890986310228,1.317290302992879,1.558782427277656
2025-08-12,1.832270723704313,1.3239953927336994,1.565997346750395
2025-08-13,1.8435681968184994,1.3262500841541525,1.5553223867470607
2025-08-14,1.8495101275875805,1.3242005914952963,1.5647015559516353
2025-08-15,1.8555054916627223,1.332536077772021,1.5652498263667296
2025-08-18,1.856745856606598,1.3326376662422792,1.569298334360204
2025-08-19,1.8589182591930395,1.3356879425047508,1.566225136128433
2025-08-20,1.8539772068634235,1.3404461469130753,1.5787694421275347
2025-08-21,1.8483572325208115,1.33889511082939,1.5692623897461142
2025-08-22,1.8748447843197018,1.3423156602322643,1.5624594813143526
2025-08-25,1.8669516009436837,1.3332812800166094,1.5564548039520663
2025-08-26,1.8663312496035411,1.3288533867097205,1.556786492510245
2025-08-27,1.873861559059101,1.3361130913628751,1.565287679776001
2025-08-28,1.875225973083598,1.3330352933859066,1.563321429324858
2025-08-29,1.8763050804950767,1.3418390044006252,1.5685894715238566
2025-09-02,1.8692968621895663,1.343252079426663,1.565857111692755
2025-09-03,1.8740743094062606,1.343263157060761,1.5739053155033584
2025-09-04,1.8859894092577698,1.3493611566097923,1.5914768521855955
2025-09-05,1.8796669434691888,1.3407019883696913,1.5814438691380632
2025-09-08,1.879549086910987,1.340550551923192,1.5750005837021983
2025-09-09,1.8911658426174922,1.3501663321194752,1.5917782748521045
2025-09-10,1.8813715737824934,1.347709347152254,1.5872551300869773
2025-09-11,1.8993991390163338,1.3570849901446662,1.6026893062372314
2025-09-12,1.8965632993971817,1.3566157650169421,1.6035327651173015
2025-09-15,1.9039678964948876,1.3577284366477085,1.6074720870893306
2025-09-16,1.9067258885151932,1.3543951374093695,1.5987155177897583
2025-09-17,1.918790752373187,1.3619288258803501,1.6095381517904228
2025-09-18,1.9174260196654145,1.3499593646902506,1.6038418643212318
2025-09-19,1.9199589555970595,1.3520896202295913,1.6033586149699373
2025-09-22,1.916580395026985,1.3459387877901752,1.6053569287656506
2025-09-23,1.9088015257639581,1.3494763243079448,1.6008891147858284
2025-09-24,1.9119210111190077,1.3477431290430046,1.5893628841633427
2025-09-25,1.9083732254832229,1.3449146981042064,1.588071981496113
2025-09-26,1.9183800488384037,1.35012216714229,1.5913904723640904
2025-09-29,1.9187429731194037,1.3516861810746343,1.5923094257408401
2025-09-30,1.9199997523304733,1.3601630421128577,1.6048174417619463
2025-10-01,1.9248466577325385,1.3604971643330355,1.596013384694432
2025-10-02,1.9205138885379796,1.353864501070595,1.580784710260226
2025-10-03,1.9205253644677616,1.3631135008067736,1.5827929165552994
2025-10-06,1.9224038480551024,1.3602483025571084,1.5658469952804617
2025-10-07,1.9228300446869815,1.3648473001385595,1.5752809759615694
2025-10-08,1.9242698673170706,1.363388853509849,1.5768468574951133
2025-10-09,1.926517996244954,1.3625136014081811,1.5765818762454706
2025-10-10,1.8924251112647381,1.3496899634723551,1.5651107450276387
2025-10-13,1.9098227794415459,1.3538222366421333,1.5722942143799994
2025-10-14,1.9107140626551011,1.3620151620665724,1.583514545539362
2025-10-15,1.9170451753080464,1.3616036722863212,1.5889760958057397
2025-10-16,1.9051449790241817,1.3609269535205097,1.5806107503407154
2025-10-17,1.922868258577284,1.3727871033704997,1.5935485061242567
2025-10-20,1.9461746975130518,1.377601273311217,1.5989808193898343
2025-10-21,1.953169939444381,1.3831308509134,1.5947157913681766
2025-10-22,1.9397136018126562,1.3840034911286718,1.5772057662533139
2025-10-23,1.9415878541216862,1.3783844725393952,1.5647028747414429
2025-10-24,1.946148658685696,1.3805278537975072,1.5718003787844692
2025-10-27,1.964111575837651,1.3890577639126773,1.5806663157036345
2025-10-28,1.9693796667387649,1.3886834706794748,1.5841051181131018
2025-10-29,1.9530274417541296,1.3784121315842288,1.5755450082563531
2025-10-30,1.9450252432506756,1.373941868209886,1.5743069745862888
2025-10-31,1.9478529702911302,1.3700442960757193,1.5702103648408274
2025-11-03,1.938434084744641,1.3584585962934799,1.5607102475491124
2025-11-04,1.9253500942429589,1.3577458452097857,1.558204762438901
2025-11-05,1.9261351125288428,1.352249735976565,1.5581064578773576
2025-11-06,1.9096429032678794,1.3516646013422198,1.5601026580777395
2025-11-07,1.914818188280167,1.361468629520892,1.5668289432166935
2025-11-10,1.9313930843725362,1.3719410579167495,1.582193024069452
2025-11-11,1.9486868034935607,1.3921687571463643,1.5987089854610577
2025-11-12,1.9538486955277132,1.3951417136552324,1.6140453962567702
2025-11-13,1.93255785799252,1.3868320209692608,1.5989847662511416
2025-11-14,1.9249859676921661,1.3889688766170973,1.5916333268191407
2025-11-17,1.9120920730575024,1.387771511741982,1.595329731712367
2025-11-18,1.901249851078371,1.3852633614224366,1.5934572393789113
2025-11-19,1.8967630392384263,1.3834210374170415,1.5951355306279729
2025-11-20,1.878264410975732,1.3836043658980874,1.591797030497667
2025-11-21,1.9000307952592106,1.3952178884441993,1.6011169632260278
2025-11-24,1.9096650203369472,1.3959864880469093,1.6052876628434667
2025-11-25,1.9292633091776523,1.4040337837275225,1.6165143907057054
2025-11-26,1.937037243462902,1.411911618806805,1.6243165295549515
2025-11-28,1.9553099747024405,1.4174995642173545,1.6312328843158788
2025-12-01,1.9500890064526766,1.410021439131781,1.6268904798500947
2025-12-02,1.9533337795579084,1.4042323826690568,1.6258869624896861
2025-12-03,1.9651784235652363,1.407432522832832,1.628317861986996
2025-12-04,1.957564071211023,1.401155346806039,1.6284937550415035
2025-12-05,1.9623136333249818,1.3960685954388286,1.6206306462502873
2025-12-08,1.9456698333655313,1.3886351549833793,1.60429204106552
2025-12-09,1.9426989723043588,1.3896520562797003,1.595364133850412
2025-12-10,1.9529665830053182,1.3945691153181738,1.599046262880539
2025-12-11,1.9638849891686778,1.3982738658654612,1.6056001099681276
2025-12-12,1.9668835418847683,1.4054010649380408,1.610223076375358
2025-12-15,1.9636102520135288,1.4073936680943877,1.6143532845254553
2025-12-16,1.9533146677766757,1.3925056701295202,1.5969341660484382
2025-12-17,1.9479953150052216,1.3968752895011451,1.590373438099168
2025-12-18,1.953197732289338,1.393744351110915,1.5878890992642734
2025-12-19,1.9597068628500451,1.3927437494088961,1.595002708247398
2025-12-22,1.9675426047526288,1.3947489699894964,1.5969945098197917
2025-12-23,1.9712461529634229,1.3960196304472603,1.5986087072912145
2025-12-24,1.9803654914476372,1.4028204138463007,1.6072996405344533
2025-12-26,1.9805538891109546,1.4030809739236705,1.609111312798292
2025-12-29,1.9766823952140955,1.4052619424792856,1.6101058653504163
2025-12-30,1.9764173626736339,1.404519257277061,1.6057199787884888
2025-12-31,1.9658518933792557,1.4000894514796014,1.6015913115592304
